slide_id,level,height,width,origin_x,origin_y
TCGA-PE-A5DD-01A-01-TSA.B71D5B6B-7526-4C1F-B656-2F5A8B8F3086,2,1024,1024,1024,445
TCGA-PE-A5DD-01A-01-TSA.B71D5B6B-7526-4C1F-B656-2F5A8B8F3086,2,1024,1024,5120,0
TCGA-PE-A5DD-01A-01-TSA.B71D5B6B-7526-4C1F-B656-2F5A8B8F3086,2,1024,1024,5120,445
TCGA-PE-A5DC-01A-01-TS1.025C5684-F580-4622-877A-B7E9EC383E0F,2,1024,1024,1024,1024
TCGA-PE-A5DC-01A-01-TS1.025C5684-F580-4622-877A-B7E9EC383E0F,2,1024,1024,1024,2048
TCGA-PE-A5DC-01A-01-TS1.025C5684-F580-4622-877A-B7E9EC383E0F,2,1024,1024,1024,2534
TCGA-PE-A5DC-01A-01-TS1.025C5684-F580-4622-877A-B7E9EC383E0F,2,1024,1024,2048,1024
TCGA-PE-A5DC-01A-01-TS1.025C5684-F580-4622-877A-B7E9EC383E0F,2,1024,1024,6144,0
TCGA-PE-A5DC-01A-01-TS1.025C5684-F580-4622-877A-B7E9EC383E0F,2,1024,1024,6144,1024
TCGA-PE-A5DC-01A-01-TS1.025C5684-F580-4622-877A-B7E9EC383E0F,2,1024,1024,6144,2048
TCGA-PE-A5DC-01A-01-TS1.025C5684-F580-4622-877A-B7E9EC383E0F,2,1024,1024,7168,1024
TCGA-Z7-A8R6-01A-01-TSA.EED1E5D4-7C9A-45C8-9F11-13F71190A1B1,2,1024,1024,1024,894
TCGA-Z7-A8R6-01A-01-TSA.EED1E5D4-7C9A-45C8-9F11-13F71190A1B1,2,1024,1024,4096,0
TCGA-Z7-A8R6-01A-01-TSA.EED1E5D4-7C9A-45C8-9F11-13F71190A1B1,2,1024,1024,5120,0
TCGA-PE-A5DE-01A-01-TS1.D7DDDA9C-3BC4-4311-AB13-C6E7F51EC8E9,2,1024,1024,0,0
TCGA-PE-A5DE-01A-01-TS1.D7DDDA9C-3BC4-4311-AB13-C6E7F51EC8E9,2,1024,1024,0,1024
TCGA-PE-A5DE-01A-01-TS1.D7DDDA9C-3BC4-4311-AB13-C6E7F51EC8E9,2,1024,1024,4096,0
TCGA-PE-A5DE-01A-01-TS1.D7DDDA9C-3BC4-4311-AB13-C6E7F51EC8E9,2,1024,1024,4096,1024
TCGA-PE-A5DE-01A-01-TS1.D7DDDA9C-3BC4-4311-AB13-C6E7F51EC8E9,2,1024,1024,4096,1329
TCGA-PE-A5DE-01A-01-TS1.D7DDDA9C-3BC4-4311-AB13-C6E7F51EC8E9,2,1024,1024,4302,1024
TCGA-S3-A6ZH-01A-02-TS2.DCF28540-6410-41AD-8345-1061DF1956FF,2,1024,1024,0,1024
TCGA-S3-A6ZH-01A-02-TS2.DCF28540-6410-41AD-8345-1061DF1956FF,2,1024,1024,1024,1024
TCGA-S3-A6ZH-01A-02-TS2.DCF28540-6410-41AD-8345-1061DF1956FF,2,1024,1024,1024,1225
TCGA-S3-A6ZH-01A-02-TS2.DCF28540-6410-41AD-8345-1061DF1956FF,2,1024,1024,4096,0
TCGA-S3-A6ZH-01A-02-TS2.DCF28540-6410-41AD-8345-1061DF1956FF,2,1024,1024,5120,1024
TCGA-S3-A6ZH-01A-02-TS2.DCF28540-6410-41AD-8345-1061DF1956FF,2,1024,1024,5120,1225
TCGA-S3-A6ZG-01A-02-TS2.D4625D56-1C91-4CE7-9710-F6FE67C2DF37,2,1024,1024,0,1024
TCGA-S3-A6ZG-01A-02-TS2.D4625D56-1C91-4CE7-9710-F6FE67C2DF37,2,1024,1024,1024,0
TCGA-S3-A6ZG-01A-02-TS2.D4625D56-1C91-4CE7-9710-F6FE67C2DF37,2,1024,1024,1024,1024
TCGA-S3-A6ZG-01A-02-TS2.D4625D56-1C91-4CE7-9710-F6FE67C2DF37,2,1024,1024,1024,1172
TCGA-S3-A6ZG-01A-02-TS2.D4625D56-1C91-4CE7-9710-F6FE67C2DF37,2,1024,1024,2048,0
TCGA-S3-A6ZG-01A-02-TS2.D4625D56-1C91-4CE7-9710-F6FE67C2DF37,2,1024,1024,2048,1024
TCGA-S3-A6ZG-01A-02-TS2.D4625D56-1C91-4CE7-9710-F6FE67C2DF37,2,1024,1024,2048,1172
TCGA-S3-A6ZG-01A-02-TS2.D4625D56-1C91-4CE7-9710-F6FE67C2DF37,2,1024,1024,6144,0
TCGA-S3-A6ZG-01A-02-TS2.D4625D56-1C91-4CE7-9710-F6FE67C2DF37,2,1024,1024,6144,1024
TCGA-S3-A6ZG-01A-02-TS2.D4625D56-1C91-4CE7-9710-F6FE67C2DF37,2,1024,1024,6144,1172
TCGA-S3-A6ZG-01A-02-TS2.D4625D56-1C91-4CE7-9710-F6FE67C2DF37,2,1024,1024,7168,0
TCGA-S3-A6ZG-01A-02-TS2.D4625D56-1C91-4CE7-9710-F6FE67C2DF37,2,1024,1024,7168,1024
TCGA-S3-A6ZG-01A-02-TS2.D4625D56-1C91-4CE7-9710-F6FE67C2DF37,2,1024,1024,7168,1172
TCGA-S3-A6ZG-01A-02-TS2.D4625D56-1C91-4CE7-9710-F6FE67C2DF37,2,1024,1024,7722,1024
TCGA-S3-AA0Z-01A-01-TS1.4DDD6F71-DF24-4B70-A863-9A1163321BBC,2,1024,1024,1024,0
TCGA-S3-AA0Z-01A-01-TS1.4DDD6F71-DF24-4B70-A863-9A1163321BBC,2,1024,1024,1024,971
TCGA-S3-AA0Z-01A-01-TS1.4DDD6F71-DF24-4B70-A863-9A1163321BBC,2,1024,1024,4096,0
TCGA-S3-AA0Z-01A-01-TS1.4DDD6F71-DF24-4B70-A863-9A1163321BBC,2,1024,1024,4096,971
TCGA-S3-AA11-01A-03-TS3.8C92F642-024A-482C-A5D0-A49910FE31C6,2,1024,1024,1024,0
TCGA-S3-AA11-01A-03-TS3.8C92F642-024A-482C-A5D0-A49910FE31C6,2,1024,1024,1024,616
TCGA-S3-AA11-01A-03-TS3.8C92F642-024A-482C-A5D0-A49910FE31C6,2,1024,1024,2048,0
TCGA-S3-AA11-01A-03-TS3.8C92F642-024A-482C-A5D0-A49910FE31C6,2,1024,1024,5120,0
TCGA-S3-AA11-01A-03-TS3.8C92F642-024A-482C-A5D0-A49910FE31C6,2,1024,1024,5120,616
TCGA-S3-AA10-01A-02-TS2.84A28F62-0621-44F8-88A1-E224FC17D6BB,2,1024,1024,1024,1024
TCGA-S3-AA10-01A-02-TS2.84A28F62-0621-44F8-88A1-E224FC17D6BB,2,1024,1024,5120,1024
TCGA-S3-AA10-01A-02-TS2.84A28F62-0621-44F8-88A1-E224FC17D6BB,2,1024,1024,6144,1024
TCGA-S3-AA10-01A-02-TS2.84A28F62-0621-44F8-88A1-E224FC17D6BB,2,1024,1024,6570,1024
TCGA-S3-AA14-01A-01-TS1.8A693383-EEAF-4F83-9FA1-8F59AB8B619B,2,1024,1024,4096,0
TCGA-S3-AA14-01A-01-TS1.8A693383-EEAF-4F83-9FA1-8F59AB8B619B,2,1024,1024,4096,358
TCGA-S3-AA12-01A-01-TS1.6A103732-2660-4950-AF2A-D56E107B02D3,2,1024,1024,1024,1024
TCGA-S3-AA12-01A-01-TS1.6A103732-2660-4950-AF2A-D56E107B02D3,2,1024,1024,4096,1024
TCGA-S3-AA12-01A-01-TS1.6A103732-2660-4950-AF2A-D56E107B02D3,2,1024,1024,4096,1523
TCGA-S3-AA12-01A-01-TS1.6A103732-2660-4950-AF2A-D56E107B02D3,2,1024,1024,4703,1024
TCGA-S3-AA17-01A-01-TS1.E8CCA5B9-9FB4-4A1B-AE41-8745D4FAFD8B,2,1024,1024,0,0
TCGA-S3-AA17-01A-01-TS1.E8CCA5B9-9FB4-4A1B-AE41-8745D4FAFD8B,2,1024,1024,0,776
TCGA-S3-AA17-01A-01-TS1.E8CCA5B9-9FB4-4A1B-AE41-8745D4FAFD8B,2,1024,1024,4096,0
TCGA-S3-AA17-01A-01-TS1.E8CCA5B9-9FB4-4A1B-AE41-8745D4FAFD8B,2,1024,1024,4453,0
TCGA-S3-AA15-01A-01-TS1.395D6B62-E484-472A-9283-DA4CD6CB4E79,2,1024,1024,1024,946
TCGA-S3-AA15-01A-01-TS1.395D6B62-E484-472A-9283-DA4CD6CB4E79,2,1024,1024,6144,946
TCGA-UL-AAZ6-01A-01-TSA.9B3C23C9-6286-48A3-B084-78E7A7CCE9E1,2,1024,1024,0,1024
TCGA-UL-AAZ6-01A-01-TSA.9B3C23C9-6286-48A3-B084-78E7A7CCE9E1,2,1024,1024,1024,1024
TCGA-UL-AAZ6-01A-01-TSA.9B3C23C9-6286-48A3-B084-78E7A7CCE9E1,2,1024,1024,4096,1024
TCGA-UL-AAZ6-01A-01-TSA.9B3C23C9-6286-48A3-B084-78E7A7CCE9E1,2,1024,1024,4096,1735
TCGA-UU-A93S-01A-02-TSB.B831443D-9BE6-43E0-941D-3881CBC80A78,2,1024,1024,4096,1024
TCGA-V7-A7HQ-01A-01-TS1.C4700F73-F50C-4E8C-8C2E-909A914A9413,2,1024,1024,0,874
TCGA-WT-AB44-01A-01-TS1.B6C0EEDB-E5B9-4B0D-8599-23879A0419EB,2,1024,1024,1024,1024
TCGA-WT-AB44-01A-01-TS1.B6C0EEDB-E5B9-4B0D-8599-23879A0419EB,2,1024,1024,1714,1024
TCGA-W8-A86G-01A-02-TS2.9B16125F-3F55-4059-98AB-AC9F91DD1FC7,2,1024,1024,3072,999
TCGA-Z7-A8R5-01A-04-TSD.501DD6C7-E797-4D69-B315-FBFFEC297120,2,1024,1024,0,0
TCGA-Z7-A8R5-01A-04-TSD.501DD6C7-E797-4D69-B315-FBFFEC297120,2,1024,1024,1024,954
TCGA-Z7-A8R5-01A-04-TSD.501DD6C7-E797-4D69-B315-FBFFEC297120,2,1024,1024,4096,0
TCGA-Z7-A8R5-01A-04-TSD.501DD6C7-E797-4D69-B315-FBFFEC297120,2,1024,1024,4096,954
TCGA-Z7-A8R5-01A-04-TSD.501DD6C7-E797-4D69-B315-FBFFEC297120,2,1024,1024,4453,0
TCGA-Z7-A8R5-01A-04-TSD.501DD6C7-E797-4D69-B315-FBFFEC297120,2,1024,1024,4453,954
TCGA-3C-AAAU-01A-01-TS1.2F52DD63-7476-4E85-B7C6-E06092DB6CC1,2,1024,1024,0,1024
TCGA-3C-AAAU-01A-01-TS1.2F52DD63-7476-4E85-B7C6-E06092DB6CC1,2,1024,1024,1024,1024
TCGA-3C-AAAU-01A-01-TS1.2F52DD63-7476-4E85-B7C6-E06092DB6CC1,2,1024,1024,4096,1024
TCGA-3C-AAAU-01A-01-TS1.2F52DD63-7476-4E85-B7C6-E06092DB6CC1,2,1024,1024,5120,1024
TCGA-3C-AAAU-01A-01-TS1.2F52DD63-7476-4E85-B7C6-E06092DB6CC1,2,1024,1024,5120,1350
TCGA-3C-AAAU-01A-01-TS1.2F52DD63-7476-4E85-B7C6-E06092DB6CC1,2,1024,1024,8192,1024
TCGA-3C-AAAU-01A-01-TS1.2F52DD63-7476-4E85-B7C6-E06092DB6CC1,2,1024,1024,8192,1350
TCGA-3C-AAAU-01A-01-TS1.2F52DD63-7476-4E85-B7C6-E06092DB6CC1,2,1024,1024,8438,1024
TCGA-3C-AAAU-01A-01-TS1.2F52DD63-7476-4E85-B7C6-E06092DB6CC1,2,1024,1024,8438,1350
TCGA-3C-AALI-01A-01-TSA.7D4960A7-247F-46EE-8D4A-B55170C23EAA,2,1024,1024,4096,0
TCGA-3C-AALI-01A-01-TSA.7D4960A7-247F-46EE-8D4A-B55170C23EAA,2,1024,1024,4096,182
TCGA-3C-AALI-01A-01-TSA.7D4960A7-247F-46EE-8D4A-B55170C23EAA,2,1024,1024,4204,0
TCGA-3C-AALI-01A-01-TSA.7D4960A7-247F-46EE-8D4A-B55170C23EAA,2,1024,1024,4204,182
TCGA-3C-AALK-01A-01-TSA.B64ED65E-C91A-42C9-89A5-1B099C7112C3,2,1024,1024,1024,0
TCGA-3C-AALK-01A-01-TSA.B64ED65E-C91A-42C9-89A5-1B099C7112C3,2,1024,1024,1024,1024
TCGA-3C-AALK-01A-01-TSA.B64ED65E-C91A-42C9-89A5-1B099C7112C3,2,1024,1024,1024,1111
TCGA-3C-AALK-01A-01-TSA.B64ED65E-C91A-42C9-89A5-1B099C7112C3,2,1024,1024,5120,0
TCGA-3C-AALK-01A-01-TSA.B64ED65E-C91A-42C9-89A5-1B099C7112C3,2,1024,1024,5120,1024
TCGA-3C-AALK-01A-01-TSA.B64ED65E-C91A-42C9-89A5-1B099C7112C3,2,1024,1024,5120,1111
TCGA-3C-AALK-01A-01-TSA.B64ED65E-C91A-42C9-89A5-1B099C7112C3,2,1024,1024,5947,0
TCGA-5L-AAT0-01A-01-TS1.E7894281-DAB5-4603-B42A-A4C71FBE3D37,2,1024,1024,5120,0
TCGA-5L-AAT0-01A-01-TS1.E7894281-DAB5-4603-B42A-A4C71FBE3D37,2,1024,1024,5120,220
TCGA-A1-A0SB-01A-01-TS1.ed80b57e-ce46-45d6-b8cf-bb18e254488f,2,1024,1024,1024,0
TCGA-A1-A0SB-01A-01-TS1.ed80b57e-ce46-45d6-b8cf-bb18e254488f,2,1024,1024,1024,1024
TCGA-A1-A0SB-01A-01-TS1.ed80b57e-ce46-45d6-b8cf-bb18e254488f,2,1024,1024,4096,0
TCGA-A1-A0SD-01A-01-TS1.6a18f1d4-bee3-453c-a84f-0f82f93e95f2,2,1024,1024,0,0
TCGA-A1-A0SD-01A-01-TS1.6a18f1d4-bee3-453c-a84f-0f82f93e95f2,2,1024,1024,1024,0
TCGA-A1-A0SD-01A-01-TS1.6a18f1d4-bee3-453c-a84f-0f82f93e95f2,2,1024,1024,1024,779
TCGA-A1-A0SD-01A-01-TS1.6a18f1d4-bee3-453c-a84f-0f82f93e95f2,2,1024,1024,5120,0
TCGA-A1-A0SD-01A-01-TS1.6a18f1d4-bee3-453c-a84f-0f82f93e95f2,2,1024,1024,5120,779
TCGA-A1-A0SD-01A-01-TS1.6a18f1d4-bee3-453c-a84f-0f82f93e95f2,2,1024,1024,5679,779
TCGA-A1-A0SE-01A-01-TS1.9de25aa5-6128-49b4-990b-c6bf3830489d,2,1024,1024,0,1024
TCGA-A1-A0SE-01A-01-TS1.9de25aa5-6128-49b4-990b-c6bf3830489d,2,1024,1024,1024,1024
TCGA-A1-A0SE-01A-01-TS1.9de25aa5-6128-49b4-990b-c6bf3830489d,2,1024,1024,2048,1024
TCGA-A1-A0SE-01A-01-TS1.9de25aa5-6128-49b4-990b-c6bf3830489d,2,1024,1024,5120,1024
TCGA-A1-A0SE-01A-01-TS1.9de25aa5-6128-49b4-990b-c6bf3830489d,2,1024,1024,5120,1618
TCGA-A1-A0SE-01A-01-TS1.9de25aa5-6128-49b4-990b-c6bf3830489d,2,1024,1024,6144,1024
TCGA-A1-A0SF-01A-01-TSA.76e0b1d7-e95b-4c5e-8f53-b62d2700da2e,2,1024,1024,4096,0
TCGA-A1-A0SF-01A-01-TSA.76e0b1d7-e95b-4c5e-8f53-b62d2700da2e,2,1024,1024,4096,1024
TCGA-A1-A0SF-01A-01-TSA.76e0b1d7-e95b-4c5e-8f53-b62d2700da2e,2,1024,1024,4096,1104
TCGA-A1-A0SG-01A-01-TS1.5f26a16f-7657-4383-8c5e-48c62cc2e258,2,1024,1024,1024,0
TCGA-A1-A0SG-01A-01-TS1.5f26a16f-7657-4383-8c5e-48c62cc2e258,2,1024,1024,1024,1024
TCGA-A1-A0SG-01A-01-TS1.5f26a16f-7657-4383-8c5e-48c62cc2e258,2,1024,1024,4096,1024
TCGA-A1-A0SG-01A-01-TS1.5f26a16f-7657-4383-8c5e-48c62cc2e258,2,1024,1024,4096,1273
TCGA-A1-A0SG-01A-01-TS1.5f26a16f-7657-4383-8c5e-48c62cc2e258,2,1024,1024,5120,0
TCGA-A1-A0SH-01A-01-TSA.79c64fec-53ef-405a-b830-da132de9149d,2,1024,1024,5120,0
TCGA-A1-A0SI-01A-01-TS1.c9eb6742-072c-4de1-b1a1-888c39be8b90,2,1024,1024,0,832
TCGA-A1-A0SI-01A-01-TS1.c9eb6742-072c-4de1-b1a1-888c39be8b90,2,1024,1024,1024,0
TCGA-A1-A0SI-01A-01-TS1.c9eb6742-072c-4de1-b1a1-888c39be8b90,2,1024,1024,4096,0
TCGA-A1-A0SI-01A-01-TS1.c9eb6742-072c-4de1-b1a1-888c39be8b90,2,1024,1024,4781,0
TCGA-A1-A0SK-01A-01-TSA.0b2432b1-5781-4725-bb85-7547c7ae9f36,2,1024,1024,1024,1024
TCGA-A1-A0SK-01A-01-TSA.0b2432b1-5781-4725-bb85-7547c7ae9f36,2,1024,1024,1024,1817
TCGA-A1-A0SK-01A-01-TSA.0b2432b1-5781-4725-bb85-7547c7ae9f36,2,1024,1024,2048,1024
TCGA-A1-A0SK-01A-01-TSA.0b2432b1-5781-4725-bb85-7547c7ae9f36,2,1024,1024,6144,0
TCGA-A1-A0SK-01A-01-TSA.0b2432b1-5781-4725-bb85-7547c7ae9f36,2,1024,1024,6144,1024
TCGA-A1-A0SK-01A-01-TSA.0b2432b1-5781-4725-bb85-7547c7ae9f36,2,1024,1024,7168,1024
TCGA-A1-A0SN-01A-01-TS1.ae0aafc3-dbcf-4e93-b817-974263ade19a,2,1024,1024,0,1024
TCGA-A1-A0SN-01A-01-TS1.ae0aafc3-dbcf-4e93-b817-974263ade19a,2,1024,1024,4096,1024
TCGA-A1-A0SN-01A-01-TS1.ae0aafc3-dbcf-4e93-b817-974263ade19a,2,1024,1024,4096,1361
TCGA-A1-A0SN-01A-01-TS1.ae0aafc3-dbcf-4e93-b817-974263ade19a,2,1024,1024,4362,1024
TCGA-A1-A0SO-01A-02-TSB.e5de770e-4ff4-47ad-b5e4-04753c1a6507,2,1024,1024,1024,764
TCGA-A1-A0SO-01A-02-TSB.e5de770e-4ff4-47ad-b5e4-04753c1a6507,2,1024,1024,4096,0
TCGA-A1-A0SQ-01A-02-TSB.aa40d19e-8dcf-4fea-a7f1-4e2edbbd026e,2,1024,1024,1024,0
TCGA-A1-A0SQ-01A-02-TSB.aa40d19e-8dcf-4fea-a7f1-4e2edbbd026e,2,1024,1024,1024,1024
TCGA-A1-A0SQ-01A-02-TSB.aa40d19e-8dcf-4fea-a7f1-4e2edbbd026e,2,1024,1024,2048,1024
TCGA-A1-A0SQ-01A-02-TSB.aa40d19e-8dcf-4fea-a7f1-4e2edbbd026e,2,1024,1024,5120,1024
TCGA-A2-A0CK-01A-01-TSA.0F00A193-4045-4462-B2B2-A76B40A4EFB9,2,1024,1024,1024,0
TCGA-A2-A0CK-01A-01-TSA.0F00A193-4045-4462-B2B2-A76B40A4EFB9,2,1024,1024,4096,1024
TCGA-A2-A0CM-01A-03-TSC.7f2cc1ed-793e-4717-92fd-da1aa4424aed,2,1024,1024,3072,884
TCGA-A2-A0CQ-01A-02-TSB.9510458b-dc35-43ef-a4ff-684a23bf6b87,2,1024,1024,1024,0
TCGA-A2-A0CQ-01A-02-TSB.9510458b-dc35-43ef-a4ff-684a23bf6b87,2,1024,1024,1024,416
TCGA-A2-A0CQ-01A-02-TSB.9510458b-dc35-43ef-a4ff-684a23bf6b87,2,1024,1024,4096,0
TCGA-A2-A0CQ-01A-02-TSB.9510458b-dc35-43ef-a4ff-684a23bf6b87,2,1024,1024,4096,416
TCGA-A2-A0CR-01A-01-TSA.192598C2-7093-4171-B779-6EDE8AD7998B,2,1024,1024,0,1024
TCGA-A2-A0CR-01A-01-TSA.192598C2-7093-4171-B779-6EDE8AD7998B,2,1024,1024,4096,0
TCGA-A2-A0CS-01A-01-TSA.1c053f5f-ca22-41a9-b815-681eb2a4ea5e,2,1024,1024,0,0
TCGA-A2-A0CS-01A-01-TSA.1c053f5f-ca22-41a9-b815-681eb2a4ea5e,2,1024,1024,0,690
TCGA-A2-A0CS-01A-01-TSA.1c053f5f-ca22-41a9-b815-681eb2a4ea5e,2,1024,1024,1024,0
TCGA-A2-A0CS-01A-01-TSA.1c053f5f-ca22-41a9-b815-681eb2a4ea5e,2,1024,1024,1024,690
TCGA-A2-A0CS-01A-01-TSA.1c053f5f-ca22-41a9-b815-681eb2a4ea5e,2,1024,1024,2048,0
TCGA-A2-A0CS-01A-01-TSA.1c053f5f-ca22-41a9-b815-681eb2a4ea5e,2,1024,1024,2048,690
TCGA-A2-A0CS-01A-01-TSA.1c053f5f-ca22-41a9-b815-681eb2a4ea5e,2,1024,1024,5120,0
TCGA-A2-A0CS-01A-01-TSA.1c053f5f-ca22-41a9-b815-681eb2a4ea5e,2,1024,1024,5120,690
TCGA-A2-A0CS-01A-01-TSA.1c053f5f-ca22-41a9-b815-681eb2a4ea5e,2,1024,1024,6144,0
TCGA-A2-A0CS-01A-01-TSA.1c053f5f-ca22-41a9-b815-681eb2a4ea5e,2,1024,1024,6144,690
TCGA-A2-A0CU-01A-01-TS1.332cdd40-deca-4fad-8cf6-03fb91b121c3,2,1024,1024,4096,1024
TCGA-A2-A0CU-01A-01-TS1.332cdd40-deca-4fad-8cf6-03fb91b121c3,2,1024,1024,5120,1024
TCGA-A2-A0CU-01A-01-TS1.332cdd40-deca-4fad-8cf6-03fb91b121c3,2,1024,1024,9216,1024
TCGA-A2-A0CV-01A-03-TSC.3b9baf94-f5f8-4949-a017-4cd1152f87c5,2,1024,1024,0,1024
TCGA-A2-A0CV-01A-03-TSC.3b9baf94-f5f8-4949-a017-4cd1152f87c5,2,1024,1024,3072,1024
TCGA-A2-A0CW-01A-02-TSB.8bc46f2e-400f-4de8-aa07-9c632cea132f,2,1024,1024,0,0
TCGA-A2-A0CW-01A-02-TSB.8bc46f2e-400f-4de8-aa07-9c632cea132f,2,1024,1024,1024,0
TCGA-A2-A0CW-01A-02-TSB.8bc46f2e-400f-4de8-aa07-9c632cea132f,2,1024,1024,4096,0
TCGA-A2-A0CW-01A-02-TSB.8bc46f2e-400f-4de8-aa07-9c632cea132f,2,1024,1024,5120,0
TCGA-A2-A0CX-01A-02-TSB.eae9814e-e25c-4dfe-9564-e348c74699ba,2,1024,1024,1024,0
TCGA-A2-A0CX-01A-02-TSB.eae9814e-e25c-4dfe-9564-e348c74699ba,2,1024,1024,1024,1024
TCGA-A2-A0CX-01A-02-TSB.eae9814e-e25c-4dfe-9564-e348c74699ba,2,1024,1024,2048,1024
TCGA-A2-A0CX-01A-02-TSB.eae9814e-e25c-4dfe-9564-e348c74699ba,2,1024,1024,5120,1024
TCGA-A2-A0CX-01A-02-TSB.eae9814e-e25c-4dfe-9564-e348c74699ba,2,1024,1024,5120,1585
TCGA-A2-A0CX-01A-02-TSB.eae9814e-e25c-4dfe-9564-e348c74699ba,2,1024,1024,6144,1024
TCGA-A2-A0CX-01A-02-TSB.eae9814e-e25c-4dfe-9564-e348c74699ba,2,1024,1024,6144,1585
TCGA-A2-A0CY-01A-01-TS1.ec017ab1-ed8c-494e-a8de-a8b5c8a87059,2,1024,1024,0,1024
TCGA-A2-A0CY-01A-01-TS1.ec017ab1-ed8c-494e-a8de-a8b5c8a87059,2,1024,1024,1024,0
TCGA-A2-A0CY-01A-01-TS1.ec017ab1-ed8c-494e-a8de-a8b5c8a87059,2,1024,1024,1024,1024
TCGA-A2-A0CY-01A-01-TS1.ec017ab1-ed8c-494e-a8de-a8b5c8a87059,2,1024,1024,3072,1024
TCGA-A2-A0CY-01A-01-TS1.ec017ab1-ed8c-494e-a8de-a8b5c8a87059,2,1024,1024,4096,0
TCGA-A2-A0CY-01A-01-TS1.ec017ab1-ed8c-494e-a8de-a8b5c8a87059,2,1024,1024,4096,1024
TCGA-A2-A0CZ-01A-01-TS1.ad515c60-a532-4cab-ac6d-6bbdd877683b,2,1024,1024,0,1024
TCGA-A2-A0CZ-01A-01-TS1.ad515c60-a532-4cab-ac6d-6bbdd877683b,2,1024,1024,1024,0
TCGA-A2-A0CZ-01A-01-TS1.ad515c60-a532-4cab-ac6d-6bbdd877683b,2,1024,1024,1024,1024
TCGA-A2-A0CZ-01A-01-TS1.ad515c60-a532-4cab-ac6d-6bbdd877683b,2,1024,1024,4096,1024
TCGA-A2-A0CZ-01A-01-TS1.ad515c60-a532-4cab-ac6d-6bbdd877683b,2,1024,1024,5120,1024
TCGA-A2-A0D1-01A-01-TSA.4cf43b24-cdea-4eb2-8413-677057458810,2,1024,1024,0,0
TCGA-A2-A0D1-01A-01-TSA.4cf43b24-cdea-4eb2-8413-677057458810,2,1024,1024,3072,1024
TCGA-A2-A0D1-01A-01-TSA.4cf43b24-cdea-4eb2-8413-677057458810,2,1024,1024,6144,1024
TCGA-A2-A0D1-01A-01-TSA.4cf43b24-cdea-4eb2-8413-677057458810,2,1024,1024,7168,1024
TCGA-A2-A0D2-01A-02-TSB.74de3ac3-3f96-4426-b6b0-228282978570,2,1024,1024,0,0
TCGA-A2-A0D2-01A-02-TSB.74de3ac3-3f96-4426-b6b0-228282978570,2,1024,1024,4096,1024
TCGA-A2-A0D2-01A-02-TSB.74de3ac3-3f96-4426-b6b0-228282978570,2,1024,1024,4096,1438
TCGA-A2-A0D2-01A-02-TSB.74de3ac3-3f96-4426-b6b0-228282978570,2,1024,1024,4721,1024
TCGA-A2-A0D2-01A-02-TSB.74de3ac3-3f96-4426-b6b0-228282978570,2,1024,1024,4721,1438
TCGA-A2-A0D3-01A-01-TSA.55add6f4-ecd3-4228-af07-045ef5a2cbf6,2,1024,1024,4096,1024
TCGA-A2-A0D3-01A-01-TSA.55add6f4-ecd3-4228-af07-045ef5a2cbf6,2,1024,1024,4096,1466
TCGA-A2-A0D3-01A-01-TSA.55add6f4-ecd3-4228-af07-045ef5a2cbf6,2,1024,1024,7168,1024
TCGA-A2-A0D3-01A-01-TSA.55add6f4-ecd3-4228-af07-045ef5a2cbf6,2,1024,1024,8013,1024
TCGA-A2-A0EN-01A-01-TSA.d57caa16-813c-41c9-9b9a-3e906e576bb0,2,1024,1024,3072,0
TCGA-A2-A0EN-01A-01-TSA.d57caa16-813c-41c9-9b9a-3e906e576bb0,2,1024,1024,3072,522
TCGA-A2-A0EN-01A-01-TSA.d57caa16-813c-41c9-9b9a-3e906e576bb0,2,1024,1024,3285,0
TCGA-A2-A0EO-01A-01-TSA.36f29540-ef11-4f71-bfa7-170e5f037a0a,2,1024,1024,1024,0
TCGA-A2-A0EO-01A-01-TSA.36f29540-ef11-4f71-bfa7-170e5f037a0a,2,1024,1024,1024,1024
TCGA-A2-A0EO-01A-01-TSA.36f29540-ef11-4f71-bfa7-170e5f037a0a,2,1024,1024,5120,0
TCGA-A2-A0EO-01A-01-TSA.36f29540-ef11-4f71-bfa7-170e5f037a0a,2,1024,1024,6144,1024
TCGA-A2-A0EQ-01A-01-TSA.c64d0ac8-9849-47c7-86e1-2e2037b02422,2,1024,1024,0,1024
TCGA-A2-A0EQ-01A-01-TSA.c64d0ac8-9849-47c7-86e1-2e2037b02422,2,1024,1024,1024,0
TCGA-A2-A0EQ-01A-01-TSA.c64d0ac8-9849-47c7-86e1-2e2037b02422,2,1024,1024,1024,1024
TCGA-A2-A0EQ-01A-01-TSA.c64d0ac8-9849-47c7-86e1-2e2037b02422,2,1024,1024,1024,1151
TCGA-A2-A0EQ-01A-01-TSA.c64d0ac8-9849-47c7-86e1-2e2037b02422,2,1024,1024,4096,0
TCGA-A2-A0EQ-01A-01-TSA.c64d0ac8-9849-47c7-86e1-2e2037b02422,2,1024,1024,4096,1024
TCGA-A2-A0EQ-01A-01-TSA.c64d0ac8-9849-47c7-86e1-2e2037b02422,2,1024,1024,4096,1151
TCGA-A2-A0EQ-01A-01-TSA.c64d0ac8-9849-47c7-86e1-2e2037b02422,2,1024,1024,4781,0
TCGA-A2-A0ER-01A-02-TSB.fc92d268-4fa2-4784-9639-ee1ace7797d3,2,1024,1024,1024,894
TCGA-A2-A0ER-01A-02-TSB.fc92d268-4fa2-4784-9639-ee1ace7797d3,2,1024,1024,4096,894
TCGA-A2-A0ES-01A-01-TSA.9e47cc5c-6fcd-4515-ac20-1d81d3c58100,2,1024,1024,3072,0
TCGA-A2-A0ES-01A-01-TSA.9e47cc5c-6fcd-4515-ac20-1d81d3c58100,2,1024,1024,3072,648
TCGA-A2-A0ET-01A-03-TSC.74515b85-25d8-4c5a-9fe8-027a78238b9a,2,1024,1024,1024,0
TCGA-A2-A0ET-01A-03-TSC.74515b85-25d8-4c5a-9fe8-027a78238b9a,2,1024,1024,4096,1024
TCGA-A2-A0ET-01A-03-TSC.74515b85-25d8-4c5a-9fe8-027a78238b9a,2,1024,1024,5120,1024
TCGA-A2-A0EU-01A-02-TSB.648d1299-d273-4ae2-8926-cfad39ff735a,2,1024,1024,5120,0
TCGA-A2-A0EU-01A-02-TSB.648d1299-d273-4ae2-8926-cfad39ff735a,2,1024,1024,5120,220
TCGA-A2-A0EV-01A-01-TSA.49658afd-55bd-4adb-a3c2-06a4e633efc5,2,1024,1024,1024,1024
TCGA-A2-A0EV-01A-01-TSA.49658afd-55bd-4adb-a3c2-06a4e633efc5,2,1024,1024,1024,1169
TCGA-A2-A0EV-01A-01-TSA.49658afd-55bd-4adb-a3c2-06a4e633efc5,2,1024,1024,4096,1024
TCGA-A2-A0EX-01A-02-TSB.8880934b-a491-492b-b6bc-32b50276ba99,2,1024,1024,1024,264
TCGA-A2-A0EX-01A-02-TSB.8880934b-a491-492b-b6bc-32b50276ba99,2,1024,1024,4096,0
TCGA-A2-A0ST-01A-01-TSA.8e2979c6-24f8-4dcf-8439-1da07dbc6a9b,2,1024,1024,2048,1024
TCGA-A2-A0ST-01A-01-TSA.8e2979c6-24f8-4dcf-8439-1da07dbc6a9b,2,1024,1024,4096,1024
TCGA-A2-A0SU-01A-01-TSA.1501d762-6b57-43d8-b8bb-fe7970b750dd,2,1024,1024,0,1024
TCGA-A2-A0SU-01A-01-TSA.1501d762-6b57-43d8-b8bb-fe7970b750dd,2,1024,1024,1024,1024
TCGA-A2-A0SU-01A-01-TSA.1501d762-6b57-43d8-b8bb-fe7970b750dd,2,1024,1024,3072,1024
TCGA-A2-A0SU-01A-01-TSA.1501d762-6b57-43d8-b8bb-fe7970b750dd,2,1024,1024,4096,1024
TCGA-A2-A0SV-01A-01-TSA.bdab1f53-b83c-494c-9a73-487ee771adf9,2,1024,1024,1024,0
TCGA-A2-A0SV-01A-01-TSA.bdab1f53-b83c-494c-9a73-487ee771adf9,2,1024,1024,2048,0
TCGA-A2-A0SV-01A-01-TSA.bdab1f53-b83c-494c-9a73-487ee771adf9,2,1024,1024,3072,0
TCGA-A2-A0SV-01A-01-TSA.bdab1f53-b83c-494c-9a73-487ee771adf9,2,1024,1024,5120,0
TCGA-A2-A0SV-01A-01-TSA.bdab1f53-b83c-494c-9a73-487ee771adf9,2,1024,1024,6144,0
TCGA-A2-A0SV-01A-01-TSA.bdab1f53-b83c-494c-9a73-487ee771adf9,2,1024,1024,7168,0
TCGA-A2-A0SV-01A-01-TSA.bdab1f53-b83c-494c-9a73-487ee771adf9,2,1024,1024,7168,781
TCGA-A2-A0SX-01A-01-TSA.3830b6f0-c05a-4d09-a1bc-c7018bc5e458,2,1024,1024,1024,1024
TCGA-A2-A0SX-01A-01-TSA.3830b6f0-c05a-4d09-a1bc-c7018bc5e458,2,1024,1024,6144,2048
TCGA-A2-A0SY-01A-03-TSC.19950d5e-98f4-44b2-9f76-0552567e2c9a,2,1024,1024,1024,1024
TCGA-A2-A0SY-01A-03-TSC.19950d5e-98f4-44b2-9f76-0552567e2c9a,2,1024,1024,3072,1024
TCGA-A2-A0T0-01A-02-TSB.802f97da-e482-4c7a-aa5e-a692871ad1ea,2,1024,1024,1024,0
TCGA-A2-A0T0-01A-02-TSB.802f97da-e482-4c7a-aa5e-a692871ad1ea,2,1024,1024,1024,1024
TCGA-A2-A0T0-01A-02-TSB.802f97da-e482-4c7a-aa5e-a692871ad1ea,2,1024,1024,6144,0
TCGA-A2-A0T0-01A-02-TSB.802f97da-e482-4c7a-aa5e-a692871ad1ea,2,1024,1024,6144,1024
TCGA-A2-A0T1-01A-02-TSB.63e971bf-39ec-41c9-986e-a1937437dea8,2,1024,1024,0,0
TCGA-A2-A0T2-01A-01-TSA.8595967b-5bf7-447f-9310-10b53a1c1dfa,2,1024,1024,1024,0
TCGA-A2-A0T2-01A-01-TSA.8595967b-5bf7-447f-9310-10b53a1c1dfa,2,1024,1024,1024,416
TCGA-A2-A0T2-01A-01-TSA.8595967b-5bf7-447f-9310-10b53a1c1dfa,2,1024,1024,4096,0
TCGA-A2-A0T3-01A-02-TSB.5833680c-4d57-4657-acd7-879e52cfd8c4,2,1024,1024,5120,0
TCGA-A2-A0T3-01A-02-TSB.5833680c-4d57-4657-acd7-879e52cfd8c4,2,1024,1024,5120,1024
TCGA-A2-A0T3-01A-02-TSB.5833680c-4d57-4657-acd7-879e52cfd8c4,2,1024,1024,5120,1121
TCGA-A2-A0T3-01A-02-TSB.5833680c-4d57-4657-acd7-879e52cfd8c4,2,1024,1024,6144,1024
TCGA-A2-A0T4-01A-03-TSC.60866100-7f22-4c86-a99e-5e52ca53c313,2,1024,1024,6144,0
TCGA-A2-A0T4-01A-03-TSC.60866100-7f22-4c86-a99e-5e52ca53c313,2,1024,1024,7168,0
TCGA-A2-A0T5-01A-02-TSB.b6a2c4da-e252-4a6f-b22f-788dec8d6ede,2,1024,1024,1024,0
TCGA-A2-A0T5-01A-02-TSB.b6a2c4da-e252-4a6f-b22f-788dec8d6ede,2,1024,1024,4096,0
TCGA-A2-A0T5-01A-02-TSB.b6a2c4da-e252-4a6f-b22f-788dec8d6ede,2,1024,1024,5120,0
TCGA-A2-A0T6-01A-01-TSA.a91e20c4-e88b-4f25-a691-1ed38fbca876,2,1024,1024,7168,626
TCGA-A2-A0T7-01A-02-TSB.d37d2184-6f53-4c98-88fd-aa854fd50700,2,1024,1024,1024,0
TCGA-A2-A0T7-01A-02-TSB.d37d2184-6f53-4c98-88fd-aa854fd50700,2,1024,1024,1024,1024
TCGA-A2-A0T7-01A-02-TSB.d37d2184-6f53-4c98-88fd-aa854fd50700,2,1024,1024,4096,0
TCGA-A2-A0T7-01A-02-TSB.d37d2184-6f53-4c98-88fd-aa854fd50700,2,1024,1024,4096,1024
TCGA-A2-A0T7-01A-02-TSB.d37d2184-6f53-4c98-88fd-aa854fd50700,2,1024,1024,4096,1309
TCGA-A2-A0YC-01A-01-TSA.dfb0f795-b54a-44fd-8ddd-105ac7c51d35,2,1024,1024,6144,0
TCGA-A2-A0YC-01A-01-TSA.dfb0f795-b54a-44fd-8ddd-105ac7c51d35,2,1024,1024,6277,0
TCGA-A2-A0YD-01A-01-TSA.7cbd1fbb-d5dd-4bc1-94fc-acff71e2b6c9,2,1024,1024,1024,706
TCGA-A2-A0YD-01A-01-TSA.7cbd1fbb-d5dd-4bc1-94fc-acff71e2b6c9,2,1024,1024,4096,0
TCGA-A2-A0YE-01A-01-TS1.03c71807-b82c-4b01-8962-c6ac3d1b3445,2,1024,1024,1024,0
TCGA-A2-A0YE-01A-01-TS1.03c71807-b82c-4b01-8962-c6ac3d1b3445,2,1024,1024,2048,1015
TCGA-A2-A0YE-01A-01-TS1.03c71807-b82c-4b01-8962-c6ac3d1b3445,2,1024,1024,5120,0
TCGA-A2-A0YE-01A-01-TS1.03c71807-b82c-4b01-8962-c6ac3d1b3445,2,1024,1024,6144,1015
TCGA-A2-A0YE-01A-01-TS1.03c71807-b82c-4b01-8962-c6ac3d1b3445,2,1024,1024,6157,1015
TCGA-A2-A0YF-01A-02-TSB.65b05e09-46e2-47f8-8ef6-ccc5914752c5,2,1024,1024,3072,0
TCGA-A2-A0YF-01A-02-TSB.65b05e09-46e2-47f8-8ef6-ccc5914752c5,2,1024,1024,3072,1024
TCGA-A2-A0YG-01A-02-TSB.8bd4f37a-7944-4379-910c-621a80229783,2,1024,1024,0,0
TCGA-A2-A0YG-01A-02-TSB.8bd4f37a-7944-4379-910c-621a80229783,2,1024,1024,0,498
TCGA-A2-A0YG-01A-02-TSB.8bd4f37a-7944-4379-910c-621a80229783,2,1024,1024,1024,0
TCGA-A2-A0YG-01A-02-TSB.8bd4f37a-7944-4379-910c-621a80229783,2,1024,1024,1024,498
TCGA-A2-A0YG-01A-02-TSB.8bd4f37a-7944-4379-910c-621a80229783,2,1024,1024,4096,0
TCGA-A2-A0YG-01A-02-TSB.8bd4f37a-7944-4379-910c-621a80229783,2,1024,1024,4096,498
TCGA-A2-A0YG-01A-02-TSB.8bd4f37a-7944-4379-910c-621a80229783,2,1024,1024,4661,0
TCGA-A2-A0YG-01A-02-TSB.8bd4f37a-7944-4379-910c-621a80229783,2,1024,1024,4661,498
TCGA-A2-A0YH-01A-01-TSA.77998a85-49c4-4bdf-8635-ec9516aad084,2,1024,1024,0,954
TCGA-A2-A0YH-01A-01-TSA.77998a85-49c4-4bdf-8635-ec9516aad084,2,1024,1024,2985,0
TCGA-A2-A0YI-01A-03-TSC.315f5bb4-4ef4-471e-b5b4-ae73a6038c20,2,1024,1024,1024,0
TCGA-A2-A0YI-01A-03-TSC.315f5bb4-4ef4-471e-b5b4-ae73a6038c20,2,1024,1024,1024,431
TCGA-A2-A0YI-01A-03-TSC.315f5bb4-4ef4-471e-b5b4-ae73a6038c20,2,1024,1024,4096,0
TCGA-A2-A0YI-01A-03-TSC.315f5bb4-4ef4-471e-b5b4-ae73a6038c20,2,1024,1024,4096,431
TCGA-A2-A0YJ-01A-01-TSA.a1260b78-3f54-490b-9dd1-7a6cb99e2358,2,1024,1024,0,0
TCGA-A2-A0YJ-01A-01-TSA.a1260b78-3f54-490b-9dd1-7a6cb99e2358,2,1024,1024,0,634
TCGA-A2-A0YJ-01A-01-TSA.a1260b78-3f54-490b-9dd1-7a6cb99e2358,2,1024,1024,1024,0
TCGA-A2-A0YJ-01A-01-TSA.a1260b78-3f54-490b-9dd1-7a6cb99e2358,2,1024,1024,1024,634
TCGA-A2-A0YJ-01A-01-TSA.a1260b78-3f54-490b-9dd1-7a6cb99e2358,2,1024,1024,4096,0
TCGA-A2-A0YJ-01A-01-TSA.a1260b78-3f54-490b-9dd1-7a6cb99e2358,2,1024,1024,4096,634
TCGA-A2-A0YJ-01A-01-TSA.a1260b78-3f54-490b-9dd1-7a6cb99e2358,2,1024,1024,5120,0
TCGA-A2-A0YJ-01A-01-TSA.a1260b78-3f54-490b-9dd1-7a6cb99e2358,2,1024,1024,5120,634
TCGA-A2-A0YK-01A-02-TSB.deb9ff5b-b123-4256-99d0-48893875a2a2,2,1024,1024,0,978
TCGA-A2-A0YK-01A-02-TSB.deb9ff5b-b123-4256-99d0-48893875a2a2,2,1024,1024,4096,0
TCGA-A2-A0YK-01A-02-TSB.deb9ff5b-b123-4256-99d0-48893875a2a2,2,1024,1024,4096,978
TCGA-A2-A0YK-01A-02-TSB.deb9ff5b-b123-4256-99d0-48893875a2a2,2,1024,1024,4302,0
TCGA-A2-A0YL-01A-02-TSB.12b73a8a-ac2d-4cd5-b8c2-de8fd1357dea,2,1024,1024,3823,885
TCGA-A2-A0YM-01A-01-TSA.af2a6b3d-dbf4-4323-aebe-d8b95053fff3,2,1024,1024,1024,0
TCGA-A2-A0YM-01A-01-TSA.af2a6b3d-dbf4-4323-aebe-d8b95053fff3,2,1024,1024,1024,596
TCGA-A2-A0YM-01A-01-TSA.af2a6b3d-dbf4-4323-aebe-d8b95053fff3,2,1024,1024,3072,596
TCGA-A2-A0YM-01A-01-TSA.af2a6b3d-dbf4-4323-aebe-d8b95053fff3,2,1024,1024,4096,0
TCGA-A2-A0YM-01A-01-TSA.af2a6b3d-dbf4-4323-aebe-d8b95053fff3,2,1024,1024,4242,0
TCGA-A2-A0YT-01A-01-TSA.fbac252d-8ada-4379-826f-1f255b826280,2,1024,1024,1024,0
TCGA-A2-A0YT-01A-01-TSA.fbac252d-8ada-4379-826f-1f255b826280,2,1024,1024,2048,0
TCGA-A2-A0YT-01A-01-TSA.fbac252d-8ada-4379-826f-1f255b826280,2,1024,1024,6144,0
TCGA-A2-A0YT-01A-01-TSA.fbac252d-8ada-4379-826f-1f255b826280,2,1024,1024,6144,1024
TCGA-A2-A1FV-01A-01-TSA.1ef7e33c-4e9f-46fb-8600-e2028e666b58,2,1024,1024,0,1024
TCGA-A2-A1FV-01A-01-TSA.1ef7e33c-4e9f-46fb-8600-e2028e666b58,2,1024,1024,3644,0
TCGA-A2-A1FX-01A-01-TSA.9ddece99-9be4-4d06-b8a5-f10e064a20cd,2,1024,1024,3072,0
TCGA-A2-A1FZ-01A-05-TSE.92edfd43-6c1e-4b2c-851e-e0968ad67036,2,1024,1024,3072,0
TCGA-A2-A1G0-01A-01-TSA.191b630e-777f-41f9-9510-22ed5faa316a,2,1024,1024,0,0
TCGA-A2-A1G0-01A-01-TSA.191b630e-777f-41f9-9510-22ed5faa316a,2,1024,1024,4096,1024
TCGA-A2-A1G4-01A-01-TSA.5d86407e-c67e-421b-8d36-330113e2205a,2,1024,1024,1024,1024
TCGA-A2-A1G4-01A-01-TSA.5d86407e-c67e-421b-8d36-330113e2205a,2,1024,1024,6144,1024
TCGA-A2-A3KC-01A-01-TSA.7390B45C-AB94-4000-B177-A39D64BC275C,2,1024,1024,1024,0
TCGA-A2-A3KC-01A-01-TSA.7390B45C-AB94-4000-B177-A39D64BC275C,2,1024,1024,4096,0
TCGA-A2-A3KC-01A-01-TSA.7390B45C-AB94-4000-B177-A39D64BC275C,2,1024,1024,4096,696
TCGA-A2-A3KD-01A-01-TSA.6CE03E54-350A-4AA7-A249-E55FF073FCB2,2,1024,1024,5120,0
TCGA-A2-A3XS-01A-01-TS1.AFFAE37C-A13F-45C6-A323-025B310C46E0,2,1024,1024,4096,1357
TCGA-A2-A3XT-01A-01-TSA.8B6C4952-F4D6-42C2-86FD-54C42917AC77,2,1024,1024,4096,0
TCGA-A2-A3XT-01A-01-TSA.8B6C4952-F4D6-42C2-86FD-54C42917AC77,2,1024,1024,4271,0
TCGA-A2-A3XU-01A-01-TSA.9E569A13-1F17-44E2-9D19-31D8FB19ED4A,2,1024,1024,4096,1024
TCGA-A2-A3XU-01A-01-TSA.9E569A13-1F17-44E2-9D19-31D8FB19ED4A,2,1024,1024,4096,1051
TCGA-A2-A3XW-01A-01-TSA.9E735B6D-B89D-4A42-9150-3A3CCBACF061,2,1024,1024,5120,0
TCGA-A2-A3XW-01A-01-TSA.9E735B6D-B89D-4A42-9150-3A3CCBACF061,2,1024,1024,5120,71
TCGA-A2-A3XX-01A-02-TSB.01B489E3-2FE7-4ED4-AF28-04850E1FD9FF,2,1024,1024,0,1024
TCGA-A2-A3XX-01A-02-TSB.01B489E3-2FE7-4ED4-AF28-04850E1FD9FF,2,1024,1024,1024,1024
TCGA-A2-A3XX-01A-02-TSB.01B489E3-2FE7-4ED4-AF28-04850E1FD9FF,2,1024,1024,4096,1024
TCGA-A2-A3XX-01A-02-TSB.01B489E3-2FE7-4ED4-AF28-04850E1FD9FF,2,1024,1024,4687,1024
TCGA-A2-A3XY-01A-01-TSA.6437CD74-9C3D-481E-923E-00A8681EC078,2,1024,1024,3072,0
TCGA-A2-A3XZ-01A-04-TSD.F4F20F43-4A8B-4697-A46A-E43250604983,2,1024,1024,0,0
TCGA-A2-A3XZ-01A-04-TSD.F4F20F43-4A8B-4697-A46A-E43250604983,2,1024,1024,4096,0
TCGA-A2-A3Y0-01A-01-TSA.E893B34E-47F9-4B40-B0AC-3D217F32F614,2,1024,1024,1024,0
TCGA-A2-A04N-01A-01-TSA.a50fe5fd-8966-4b48-b012-4db45bd71ff7,2,1024,1024,0,0
TCGA-A2-A04P-01A-03-TSC.a3d91959-eb6a-4ddd-ac83-c1e0217577cf,2,1024,1024,4096,0
TCGA-A2-A04P-01A-03-TSC.a3d91959-eb6a-4ddd-ac83-c1e0217577cf,2,1024,1024,4569,0
TCGA-A2-A04Q-01A-02-TSB.abf5f4de-662d-4479-a556-2cf0b59d4ee3,2,1024,1024,0,0
TCGA-A2-A04Q-01A-02-TSB.abf5f4de-662d-4479-a556-2cf0b59d4ee3,2,1024,1024,5080,384
TCGA-A2-A04R-01A-04-TSD.f8e56971-436f-495e-a7c2-3a147059fc62,2,1024,1024,1024,0
TCGA-A2-A04R-01A-04-TSD.f8e56971-436f-495e-a7c2-3a147059fc62,2,1024,1024,5120,1020
TCGA-A2-A04T-01A-02-TSB.93063466-272a-42e9-b4cb-ccf262b7e4c4,2,1024,1024,0,0
TCGA-A2-A04T-01A-02-TSB.93063466-272a-42e9-b4cb-ccf262b7e4c4,2,1024,1024,3072,0
TCGA-A2-A04T-01A-02-TSB.93063466-272a-42e9-b4cb-ccf262b7e4c4,2,1024,1024,3072,474
TCGA-A2-A04T-01A-02-TSB.93063466-272a-42e9-b4cb-ccf262b7e4c4,2,1024,1024,3344,0
TCGA-A2-A04T-01A-02-TSB.93063466-272a-42e9-b4cb-ccf262b7e4c4,2,1024,1024,3344,474
TCGA-A2-A04U-01A-01-TSA.d9c6a9aa-23c9-43d8-a59d-d5d4b474cbb6,2,1024,1024,5120,732
TCGA-A2-A04U-01A-01-TSA.d9c6a9aa-23c9-43d8-a59d-d5d4b474cbb6,2,1024,1024,5559,0
TCGA-A2-A04U-01A-01-TSA.d9c6a9aa-23c9-43d8-a59d-d5d4b474cbb6,2,1024,1024,5559,732
TCGA-A2-A04V-01A-02-MS2.9f2d5cc6-ef65-4465-bec7-4d7151ad39f1,2,1024,1024,0,0
TCGA-A2-A04V-01A-02-MS2.9f2d5cc6-ef65-4465-bec7-4d7151ad39f1,2,1024,1024,6144,0
TCGA-A2-A04W-01A-03-TSC.83981bb3-9dfd-4632-91c0-00068ad599f3,2,1024,1024,1024,0
TCGA-A2-A04W-01A-03-TSC.83981bb3-9dfd-4632-91c0-00068ad599f3,2,1024,1024,2926,0
TCGA-A2-A04W-01A-03-TSC.83981bb3-9dfd-4632-91c0-00068ad599f3,2,1024,1024,2926,444
TCGA-A2-A04Y-01A-02-MS2.42e84e21-3226-4585-9865-3b624fca05bd,2,1024,1024,0,0
TCGA-A2-A04Y-01A-02-MS2.42e84e21-3226-4585-9865-3b624fca05bd,2,1024,1024,3072,1024
TCGA-A2-A04Y-01A-02-MS2.42e84e21-3226-4585-9865-3b624fca05bd,2,1024,1024,3072,1064
TCGA-A2-A04Y-01A-02-MS2.42e84e21-3226-4585-9865-3b624fca05bd,2,1024,1024,3285,1024
TCGA-A2-A04Y-01A-02-MS2.42e84e21-3226-4585-9865-3b624fca05bd,2,1024,1024,3285,1064
TCGA-A2-A4RW-01A-02-TSB.32243877-C7DF-4FA5-BCA9-031B6E8F085F,2,1024,1024,0,1024
TCGA-A2-A4RW-01A-02-TSB.32243877-C7DF-4FA5-BCA9-031B6E8F085F,2,1024,1024,1024,1024
TCGA-A2-A4RW-01A-02-TSB.32243877-C7DF-4FA5-BCA9-031B6E8F085F,2,1024,1024,4096,1024
TCGA-A2-A4RY-01A-03-TSC.AD01C137-2742-4508-A068-D87CAE17E1DA,2,1024,1024,4096,0
TCGA-A2-A4RY-01A-03-TSC.AD01C137-2742-4508-A068-D87CAE17E1DA,2,1024,1024,4096,848
TCGA-A2-A4S0-01A-02-TSB.F1106319-81B9-4561-B6E3-D50282A0E42A,2,1024,1024,3072,0
TCGA-A2-A4S1-01A-02-TSB.98FEC101-A8CD-407A-9AE0-5ABDD8CB8DCC,2,1024,1024,1024,882
TCGA-A2-A4S1-01A-02-TSB.98FEC101-A8CD-407A-9AE0-5ABDD8CB8DCC,2,1024,1024,4096,0
TCGA-A2-A4S1-01A-02-TSB.98FEC101-A8CD-407A-9AE0-5ABDD8CB8DCC,2,1024,1024,6144,0
TCGA-A2-A4S2-01A-01-TSA.2C323592-205E-4066-AC07-3CF055B9089C,2,1024,1024,1024,0
TCGA-A2-A4S2-01A-01-TSA.2C323592-205E-4066-AC07-3CF055B9089C,2,1024,1024,5120,0
TCGA-A2-A4S2-01A-01-TSA.2C323592-205E-4066-AC07-3CF055B9089C,2,1024,1024,6144,0
TCGA-A2-A4S3-01A-02-TSB.8DF9D6C3-017C-448F-A04B-68F2F69279B7,2,1024,1024,1024,0
TCGA-A2-A4S3-01A-02-TSB.8DF9D6C3-017C-448F-A04B-68F2F69279B7,2,1024,1024,5120,0
TCGA-A2-A4S3-01A-02-TSB.8DF9D6C3-017C-448F-A04B-68F2F69279B7,2,1024,1024,5120,953
TCGA-A2-A25A-01A-01-TSA.e00dd3e2-e129-4dc6-84a4-5a6385e8bb29,2,1024,1024,0,0
TCGA-A2-A25A-01A-01-TSA.e00dd3e2-e129-4dc6-84a4-5a6385e8bb29,2,1024,1024,0,547
TCGA-A2-A25A-01A-01-TSA.e00dd3e2-e129-4dc6-84a4-5a6385e8bb29,2,1024,1024,3795,0
TCGA-A2-A25B-01A-01-TSA.43dd69c3-6ce1-478c-9e4d-ee01974ef7bf,2,1024,1024,0,1024
TCGA-A2-A25B-01A-01-TSA.43dd69c3-6ce1-478c-9e4d-ee01974ef7bf,2,1024,1024,0,1356
TCGA-A2-A25B-01A-01-TSA.43dd69c3-6ce1-478c-9e4d-ee01974ef7bf,2,1024,1024,4096,0
TCGA-A2-A25B-01A-01-TSA.43dd69c3-6ce1-478c-9e4d-ee01974ef7bf,2,1024,1024,4096,1024
TCGA-A2-A25B-01A-01-TSA.43dd69c3-6ce1-478c-9e4d-ee01974ef7bf,2,1024,1024,4211,0
TCGA-A2-A25B-01A-01-TSA.43dd69c3-6ce1-478c-9e4d-ee01974ef7bf,2,1024,1024,4211,1024
TCGA-A2-A25D-01A-01-TSA.f5616a1d-8a54-43a1-ade2-c3e63f8db896,2,1024,1024,0,0
TCGA-A2-A25D-01A-01-TSA.f5616a1d-8a54-43a1-ade2-c3e63f8db896,2,1024,1024,0,426
TCGA-A2-A25D-01A-01-TSA.f5616a1d-8a54-43a1-ade2-c3e63f8db896,2,1024,1024,4096,0
TCGA-A2-A25D-01A-01-TSA.f5616a1d-8a54-43a1-ade2-c3e63f8db896,2,1024,1024,4096,426
TCGA-A2-A259-01A-01-TSA.73bdd76e-4e45-4e13-90db-c996e5446c94,2,1024,1024,0,0
TCGA-A7-A0CD-01A-01-TSA.8966c3d7-c0d2-47a4-badf-df9412a1e5f0,2,1024,1024,0,1024
TCGA-A7-A0CD-01A-01-TSA.8966c3d7-c0d2-47a4-badf-df9412a1e5f0,2,1024,1024,1024,1024
TCGA-A7-A0CD-01A-01-TSA.8966c3d7-c0d2-47a4-badf-df9412a1e5f0,2,1024,1024,4096,1024
TCGA-A7-A0CD-01A-01-TSA.8966c3d7-c0d2-47a4-badf-df9412a1e5f0,2,1024,1024,4096,2048
TCGA-A7-A0CD-01A-01-TSA.8966c3d7-c0d2-47a4-badf-df9412a1e5f0,2,1024,1024,4096,2148
TCGA-A7-A0CD-01A-01-TSA.8966c3d7-c0d2-47a4-badf-df9412a1e5f0,2,1024,1024,5120,1024
TCGA-A7-A0CD-01A-01-TSA.8966c3d7-c0d2-47a4-badf-df9412a1e5f0,2,1024,1024,5120,2048
TCGA-A7-A0CD-01A-01-TSA.8966c3d7-c0d2-47a4-badf-df9412a1e5f0,2,1024,1024,7168,0
TCGA-A7-A0CD-01A-01-TSA.8966c3d7-c0d2-47a4-badf-df9412a1e5f0,2,1024,1024,7168,1024
TCGA-A7-A0CD-01A-01-TSA.8966c3d7-c0d2-47a4-badf-df9412a1e5f0,2,1024,1024,8192,1024
TCGA-A7-A0CE-01A-01-TS1.3025a9c8-a7e4-4048-bcf0-a28720c0f96b,2,1024,1024,0,1024
TCGA-A7-A0CE-01A-01-TS1.3025a9c8-a7e4-4048-bcf0-a28720c0f96b,2,1024,1024,1024,1024
TCGA-A7-A0CE-01A-01-TS1.3025a9c8-a7e4-4048-bcf0-a28720c0f96b,2,1024,1024,1024,1254
TCGA-A7-A0CE-01A-01-TS1.3025a9c8-a7e4-4048-bcf0-a28720c0f96b,2,1024,1024,2048,0
TCGA-A7-A0CE-01A-01-TS1.3025a9c8-a7e4-4048-bcf0-a28720c0f96b,2,1024,1024,5120,1024
TCGA-A7-A0CE-01A-01-TS1.3025a9c8-a7e4-4048-bcf0-a28720c0f96b,2,1024,1024,5120,1254
TCGA-A7-A0CE-01A-01-TS1.3025a9c8-a7e4-4048-bcf0-a28720c0f96b,2,1024,1024,6144,1024
TCGA-A7-A0CE-01A-01-TS1.3025a9c8-a7e4-4048-bcf0-a28720c0f96b,2,1024,1024,6144,1254
TCGA-A7-A0CE-01A-01-TS1.3025a9c8-a7e4-4048-bcf0-a28720c0f96b,2,1024,1024,7168,1024
TCGA-A7-A0CE-01A-01-TS1.3025a9c8-a7e4-4048-bcf0-a28720c0f96b,2,1024,1024,7257,1024
TCGA-A7-A0CG-01A-01-TS1.7c898f34-39c1-4a61-bc74-e169bce13449,2,1024,1024,0,0
TCGA-A7-A0CG-01A-01-TS1.7c898f34-39c1-4a61-bc74-e169bce13449,2,1024,1024,0,907
TCGA-A7-A0CG-01A-01-TS1.7c898f34-39c1-4a61-bc74-e169bce13449,2,1024,1024,1024,0
TCGA-A7-A0CG-01A-01-TS1.7c898f34-39c1-4a61-bc74-e169bce13449,2,1024,1024,1024,907
TCGA-A7-A0CG-01A-01-TS1.7c898f34-39c1-4a61-bc74-e169bce13449,2,1024,1024,4096,0
TCGA-A7-A0CG-01A-01-TS1.7c898f34-39c1-4a61-bc74-e169bce13449,2,1024,1024,4096,907
TCGA-A7-A0CG-01A-01-TS1.7c898f34-39c1-4a61-bc74-e169bce13449,2,1024,1024,4676,0
TCGA-A7-A0CG-01A-01-TS1.7c898f34-39c1-4a61-bc74-e169bce13449,2,1024,1024,4676,907
TCGA-A7-A0CJ-01A-02-TSB.e090ba35-b5b7-469f-a267-8c8c68bc2c2b,2,1024,1024,0,0
TCGA-A7-A0CJ-01A-02-TSB.e090ba35-b5b7-469f-a267-8c8c68bc2c2b,2,1024,1024,0,417
TCGA-A7-A0CJ-01A-02-TSB.e090ba35-b5b7-469f-a267-8c8c68bc2c2b,2,1024,1024,1024,0
TCGA-A7-A0CJ-01A-02-TSB.e090ba35-b5b7-469f-a267-8c8c68bc2c2b,2,1024,1024,1024,417
TCGA-A7-A0CJ-01A-02-TSB.e090ba35-b5b7-469f-a267-8c8c68bc2c2b,2,1024,1024,4096,0
TCGA-A7-A0CJ-01A-02-TSB.e090ba35-b5b7-469f-a267-8c8c68bc2c2b,2,1024,1024,4096,417
TCGA-A7-A0DA-01A-03-TS3.fec083e6-27fd-41ee-b44b-7bb1f9ec2d12,2,1024,1024,2048,0
TCGA-A7-A0DA-01A-03-TS3.fec083e6-27fd-41ee-b44b-7bb1f9ec2d12,2,1024,1024,5120,0
TCGA-A7-A0DA-01A-03-TS3.fec083e6-27fd-41ee-b44b-7bb1f9ec2d12,2,1024,1024,6144,0
TCGA-A7-A0DA-01A-03-TS3.fec083e6-27fd-41ee-b44b-7bb1f9ec2d12,2,1024,1024,7168,0
TCGA-A7-A0DA-01A-03-TS3.fec083e6-27fd-41ee-b44b-7bb1f9ec2d12,2,1024,1024,7474,0
TCGA-A7-A0DB-01A-01-TSA.490f70ed-fcdf-442d-b750-039b22d9464f,2,1024,1024,4096,1024
TCGA-A7-A0DB-01A-01-TSA.490f70ed-fcdf-442d-b750-039b22d9464f,2,1024,1024,4096,1417
TCGA-A7-A0DB-01A-01-TSA.490f70ed-fcdf-442d-b750-039b22d9464f,2,1024,1024,8192,1024
TCGA-A7-A0DB-01A-01-TSA.490f70ed-fcdf-442d-b750-039b22d9464f,2,1024,1024,8192,1417
TCGA-A7-A0DB-01A-01-TSA.490f70ed-fcdf-442d-b750-039b22d9464f,2,1024,1024,8372,1024
TCGA-A7-A2KD-01A-03-TSC.CC1E46B0-7920-4F91-AE61-A9A78BF724DB,2,1024,1024,0,0
TCGA-A7-A2KD-01A-03-TSC.CC1E46B0-7920-4F91-AE61-A9A78BF724DB,2,1024,1024,0,547
TCGA-A7-A2KD-01A-03-TSC.CC1E46B0-7920-4F91-AE61-A9A78BF724DB,2,1024,1024,3072,0
TCGA-A7-A2KD-01A-03-TSC.CC1E46B0-7920-4F91-AE61-A9A78BF724DB,2,1024,1024,3072,547
TCGA-A7-A2KD-01A-03-TSC.CC1E46B0-7920-4F91-AE61-A9A78BF724DB,2,1024,1024,3379,0
TCGA-A7-A3IY-01A-02-TSB.6F9F17E8-548D-4FCA-83D8-1E3C62882BF5,2,1024,1024,5120,0
TCGA-A7-A3IY-01A-02-TSB.6F9F17E8-548D-4FCA-83D8-1E3C62882BF5,2,1024,1024,5120,374
TCGA-A7-A3IZ-01A-01-TSA.EFEAFBBB-4EED-4894-BAFD-77AAC5783062,2,1024,1024,0,0
TCGA-A7-A3IZ-01A-01-TSA.EFEAFBBB-4EED-4894-BAFD-77AAC5783062,2,1024,1024,3072,619
TCGA-A7-A3J0-01A-01-TSA.B5370575-81BF-4A6F-9701-BD12587AE98C,2,1024,1024,1024,0
TCGA-A7-A3J0-01A-01-TSA.B5370575-81BF-4A6F-9701-BD12587AE98C,2,1024,1024,4096,0
TCGA-A7-A3J0-01A-01-TSA.B5370575-81BF-4A6F-9701-BD12587AE98C,2,1024,1024,4096,686
TCGA-A7-A3J1-01A-01-TSA.D14A671A-1EF3-4D1D-8253-B2D573FAE447,2,1024,1024,5120,1024
TCGA-A7-A4SA-11A-03-TS3.85ABFBA5-F025-4DFF-B0EA-7F5A2C463B20,2,1024,1024,0,287
TCGA-A7-A5ZV-01A-01-TS1.7D506802-D2B5-4BFB-AB73-B62C87558D9B,2,1024,1024,0,0
TCGA-A7-A5ZV-01A-01-TS1.7D506802-D2B5-4BFB-AB73-B62C87558D9B,2,1024,1024,5120,986
TCGA-A7-A5ZW-01A-01-TS1.06909389-EBB0-43BB-AE11-A1C0449EADFA,2,1024,1024,0,0
TCGA-A7-A5ZW-01A-01-TS1.06909389-EBB0-43BB-AE11-A1C0449EADFA,2,1024,1024,1024,0
TCGA-A7-A5ZW-01A-01-TS1.06909389-EBB0-43BB-AE11-A1C0449EADFA,2,1024,1024,6144,633
TCGA-A7-A5ZW-01A-01-TS1.06909389-EBB0-43BB-AE11-A1C0449EADFA,2,1024,1024,6157,633
TCGA-A7-A5ZX-01A-01-TS1.34A6187F-702F-49C0-BF87-4C496FB5DD43,2,1024,1024,0,0
TCGA-A7-A5ZX-01A-01-TS1.34A6187F-702F-49C0-BF87-4C496FB5DD43,2,1024,1024,4096,848
TCGA-A7-A5ZX-01A-01-TS1.34A6187F-702F-49C0-BF87-4C496FB5DD43,2,1024,1024,4841,848
TCGA-A7-A6VW-01A-02-TS2.4A09D2AC-A574-40F1-9247-2729EFD0EDAA,2,1024,1024,1024,0
TCGA-A7-A6VW-01A-02-TS2.4A09D2AC-A574-40F1-9247-2729EFD0EDAA,2,1024,1024,1024,501
TCGA-A7-A6VW-01A-02-TS2.4A09D2AC-A574-40F1-9247-2729EFD0EDAA,2,1024,1024,4096,0
TCGA-A7-A6VW-01A-02-TS2.4A09D2AC-A574-40F1-9247-2729EFD0EDAA,2,1024,1024,4096,501
TCGA-A7-A13D-01A-01-TS1.e486c65b-370b-41df-8cd9-bcadaf1f88bd,2,1024,1024,4096,1024
TCGA-A7-A13D-01A-01-TS1.e486c65b-370b-41df-8cd9-bcadaf1f88bd,2,1024,1024,4096,1169
TCGA-A7-A13D-01A-01-TS1.e486c65b-370b-41df-8cd9-bcadaf1f88bd,2,1024,1024,4362,1024
TCGA-A7-A13D-01A-01-TS1.e486c65b-370b-41df-8cd9-bcadaf1f88bd,2,1024,1024,4362,1169
TCGA-A7-A13H-01A-01-MS1.D6BDC38A-8528-46CA-91EE-4069A8CCD1C5,2,1024,1024,3072,0
TCGA-A7-A26F-01A-02-TSB.3605e414-b036-4800-89b3-cb7db712c258,2,1024,1024,4096,461
TCGA-A7-A26H-01A-01-TSA.347c13da-e59c-4083-a1d1-1117d056129a,2,1024,1024,4096,0
TCGA-A7-A26H-01A-01-TSA.347c13da-e59c-4083-a1d1-1117d056129a,2,1024,1024,4096,646
TCGA-A7-A26H-01A-01-TSA.347c13da-e59c-4083-a1d1-1117d056129a,2,1024,1024,4331,0
TCGA-A7-A26H-01A-01-TSA.347c13da-e59c-4083-a1d1-1117d056129a,2,1024,1024,4331,646
TCGA-A7-A26I-01A-01-TSA.2fd782cc-a69a-4c7d-92a3-50f0c6351968,2,1024,1024,0,0
TCGA-A7-A26I-01A-01-TSA.2fd782cc-a69a-4c7d-92a3-50f0c6351968,2,1024,1024,3072,1024
TCGA-A7-A26I-01A-01-TSA.2fd782cc-a69a-4c7d-92a3-50f0c6351968,2,1024,1024,3072,1191
TCGA-A7-A26I-01A-01-TSA.2fd782cc-a69a-4c7d-92a3-50f0c6351968,2,1024,1024,3557,1024
TCGA-A7-A26J-01A-01-TSA.8fbc78f7-d21e-455a-989b-3779af6a0e95,2,1024,1024,0,0
TCGA-A7-A26J-01A-01-TSA.8fbc78f7-d21e-455a-989b-3779af6a0e95,2,1024,1024,0,967
TCGA-A7-A56D-01A-01-TS1.AD278013-D26A-4CA2-9B22-308E79763904,2,1024,1024,0,0
TCGA-A7-A56D-01A-01-TS1.AD278013-D26A-4CA2-9B22-308E79763904,2,1024,1024,1024,0
TCGA-A7-A56D-01A-01-TS1.AD278013-D26A-4CA2-9B22-308E79763904,2,1024,1024,4096,0
TCGA-A7-A56D-01A-01-TS1.AD278013-D26A-4CA2-9B22-308E79763904,2,1024,1024,4806,0
TCGA-A8-A0A1-01A-01-TS1.eb96c625-348f-4355-a9d2-7e44853a1888,2,1024,1024,2048,1024
TCGA-A8-A0A1-01A-01-TS1.eb96c625-348f-4355-a9d2-7e44853a1888,2,1024,1024,6144,0
TCGA-A8-A0A1-01A-01-TS1.eb96c625-348f-4355-a9d2-7e44853a1888,2,1024,1024,6144,1024
TCGA-A8-A0A6-01A-01-TS1.0544eda9-a392-4eed-961d-9a0683b54b5d,2,1024,1024,1024,1024
TCGA-A8-A0A6-01A-01-TS1.0544eda9-a392-4eed-961d-9a0683b54b5d,2,1024,1024,1024,1592
TCGA-A8-A0A6-01A-01-TS1.0544eda9-a392-4eed-961d-9a0683b54b5d,2,1024,1024,5120,1024
TCGA-A8-A0A6-01A-01-TS1.0544eda9-a392-4eed-961d-9a0683b54b5d,2,1024,1024,5120,1592
TCGA-A8-A0A6-01A-01-TS1.0544eda9-a392-4eed-961d-9a0683b54b5d,2,1024,1024,5696,1024
TCGA-A8-A0A7-01A-01-TS1.dfc11237-aff0-442f-8a39-ce81f0d4aeb1,2,1024,1024,0,1024
TCGA-A8-A0A7-01A-01-TS1.dfc11237-aff0-442f-8a39-ce81f0d4aeb1,2,1024,1024,4096,0
TCGA-A8-A0A7-01A-01-TS1.dfc11237-aff0-442f-8a39-ce81f0d4aeb1,2,1024,1024,4096,1024
TCGA-A8-A0A7-01A-01-TS1.dfc11237-aff0-442f-8a39-ce81f0d4aeb1,2,1024,1024,4721,0
TCGA-A8-A0A9-01A-01-TS1.12f6478b-a0c9-4051-8688-c40183e6e62c,2,1024,1024,1024,0
TCGA-A8-A0A9-01A-01-TS1.12f6478b-a0c9-4051-8688-c40183e6e62c,2,1024,1024,1024,866
TCGA-A8-A0A9-01A-01-TS1.12f6478b-a0c9-4051-8688-c40183e6e62c,2,1024,1024,4096,0
TCGA-A8-A0A9-01A-01-TS1.12f6478b-a0c9-4051-8688-c40183e6e62c,2,1024,1024,4096,866
TCGA-A8-A0A9-01A-01-TS1.12f6478b-a0c9-4051-8688-c40183e6e62c,2,1024,1024,4316,866
TCGA-A8-A0AB-01A-01-TS1.caa920cc-a74f-41a3-9b12-d8143dda8786,2,1024,1024,0,1024
TCGA-A8-A0AB-01A-01-TS1.caa920cc-a74f-41a3-9b12-d8143dda8786,2,1024,1024,4096,0
TCGA-A8-A0AB-01A-01-TS1.caa920cc-a74f-41a3-9b12-d8143dda8786,2,1024,1024,4136,0
TCGA-A8-A0AD-01A-01-TS1.4f7d3b85-05f4-44d2-8176-3ee94105f10f,2,1024,1024,1024,0
TCGA-A8-A0AD-01A-01-TS1.4f7d3b85-05f4-44d2-8176-3ee94105f10f,2,1024,1024,1024,1024
TCGA-A8-A0AD-01A-01-TS1.4f7d3b85-05f4-44d2-8176-3ee94105f10f,2,1024,1024,4096,1024
TCGA-A8-A0AD-01A-01-TS1.4f7d3b85-05f4-44d2-8176-3ee94105f10f,2,1024,1024,4096,1202
TCGA-A8-A06N-01A-01-TS1.0e8d431f-4df4-4e2e-a8d2-3febb0f1beb9,2,1024,1024,4096,1024
TCGA-A8-A06N-01A-01-TS1.0e8d431f-4df4-4e2e-a8d2-3febb0f1beb9,2,1024,1024,7168,1024
TCGA-A8-A06O-01A-01-TS1.c6bc9018-5000-4232-b406-8bd4d515f473,2,1024,1024,1024,0
TCGA-A8-A06O-01A-01-TS1.c6bc9018-5000-4232-b406-8bd4d515f473,2,1024,1024,5036,0
TCGA-A8-A06O-01A-01-TS1.c6bc9018-5000-4232-b406-8bd4d515f473,2,1024,1024,5036,739
TCGA-A8-A06P-01A-01-TS1.bfe56de2-bb0d-4164-ac99-cd126521b63d,2,1024,1024,0,1024
TCGA-A8-A06P-01A-01-TS1.bfe56de2-bb0d-4164-ac99-cd126521b63d,2,1024,1024,0,1047
TCGA-A8-A06P-01A-01-TS1.bfe56de2-bb0d-4164-ac99-cd126521b63d,2,1024,1024,1024,0
TCGA-A8-A06P-01A-01-TS1.bfe56de2-bb0d-4164-ac99-cd126521b63d,2,1024,1024,1024,1024
TCGA-A8-A06P-01A-01-TS1.bfe56de2-bb0d-4164-ac99-cd126521b63d,2,1024,1024,1024,1047
TCGA-A8-A06P-01A-01-TS1.bfe56de2-bb0d-4164-ac99-cd126521b63d,2,1024,1024,4096,0
TCGA-A8-A06P-01A-01-TS1.bfe56de2-bb0d-4164-ac99-cd126521b63d,2,1024,1024,4096,1024
TCGA-A8-A06P-01A-01-TS1.bfe56de2-bb0d-4164-ac99-cd126521b63d,2,1024,1024,4096,1047
TCGA-A8-A06P-01A-01-TS1.bfe56de2-bb0d-4164-ac99-cd126521b63d,2,1024,1024,4616,0
TCGA-A8-A06P-01A-01-TS1.bfe56de2-bb0d-4164-ac99-cd126521b63d,2,1024,1024,4616,1024
TCGA-A8-A06P-01A-01-TS1.bfe56de2-bb0d-4164-ac99-cd126521b63d,2,1024,1024,4616,1047
TCGA-A8-A06Q-01A-01-TS1.6a3caeab-6ec9-4829-b7e2-dbe7a6279a54,2,1024,1024,0,618
TCGA-A8-A06R-01A-01-TS1.c1e2ceb6-b40d-4ab6-a891-f8a3642dbb8e,2,1024,1024,1024,0
TCGA-A8-A06R-01A-01-TS1.c1e2ceb6-b40d-4ab6-a891-f8a3642dbb8e,2,1024,1024,1024,1024
TCGA-A8-A06R-01A-01-TS1.c1e2ceb6-b40d-4ab6-a891-f8a3642dbb8e,2,1024,1024,7168,0
TCGA-A8-A06R-01A-01-TS1.c1e2ceb6-b40d-4ab6-a891-f8a3642dbb8e,2,1024,1024,7654,0
TCGA-A8-A06T-01A-01-TS1.c5584b57-d2a6-45dc-aebb-33f801b5a3f0,2,1024,1024,4096,0
TCGA-A8-A06T-01A-01-TS1.c5584b57-d2a6-45dc-aebb-33f801b5a3f0,2,1024,1024,4096,297
TCGA-A8-A06X-01A-02-MS2.0554a423-cfcb-4daa-9c57-dd3960aa2614,2,1024,1024,0,0
TCGA-A8-A06X-01A-02-MS2.0554a423-cfcb-4daa-9c57-dd3960aa2614,2,1024,1024,0,1024
TCGA-A8-A06X-01A-02-MS2.0554a423-cfcb-4daa-9c57-dd3960aa2614,2,1024,1024,1024,0
TCGA-A8-A06X-01A-02-MS2.0554a423-cfcb-4daa-9c57-dd3960aa2614,2,1024,1024,1024,1024
TCGA-A8-A06X-01A-02-MS2.0554a423-cfcb-4daa-9c57-dd3960aa2614,2,1024,1024,1024,1256
TCGA-A8-A06X-01A-02-MS2.0554a423-cfcb-4daa-9c57-dd3960aa2614,2,1024,1024,4096,0
TCGA-A8-A06X-01A-02-MS2.0554a423-cfcb-4daa-9c57-dd3960aa2614,2,1024,1024,4096,1024
TCGA-A8-A06X-01A-02-MS2.0554a423-cfcb-4daa-9c57-dd3960aa2614,2,1024,1024,5120,0
TCGA-A8-A06X-01A-02-MS2.0554a423-cfcb-4daa-9c57-dd3960aa2614,2,1024,1024,5120,1024
TCGA-A8-A06X-01A-02-MS2.0554a423-cfcb-4daa-9c57-dd3960aa2614,2,1024,1024,5120,1256
TCGA-A8-A06X-01A-02-MS2.0554a423-cfcb-4daa-9c57-dd3960aa2614,2,1024,1024,5798,0
TCGA-A8-A07B-01A-01-TS1.0e9cc322-519c-49e1-ab3b-25e66a24ef92,2,1024,1024,0,0
TCGA-A8-A07B-01A-01-TS1.0e9cc322-519c-49e1-ab3b-25e66a24ef92,2,1024,1024,0,237
TCGA-A8-A07B-01A-01-TS1.0e9cc322-519c-49e1-ab3b-25e66a24ef92,2,1024,1024,1024,0
TCGA-A8-A07B-01A-01-TS1.0e9cc322-519c-49e1-ab3b-25e66a24ef92,2,1024,1024,1024,237
TCGA-A8-A07B-01A-01-TS1.0e9cc322-519c-49e1-ab3b-25e66a24ef92,2,1024,1024,5120,0
TCGA-A8-A07B-01A-01-TS1.0e9cc322-519c-49e1-ab3b-25e66a24ef92,2,1024,1024,5120,237
TCGA-A8-A07B-01A-01-TS1.0e9cc322-519c-49e1-ab3b-25e66a24ef92,2,1024,1024,5738,0
TCGA-A8-A07B-01A-01-TS1.0e9cc322-519c-49e1-ab3b-25e66a24ef92,2,1024,1024,5738,237
TCGA-A8-A07C-01A-01-TS1.7dee31cc-5d71-4358-b225-6010ad89c170,2,1024,1024,0,0
TCGA-A8-A07C-01A-01-TS1.7dee31cc-5d71-4358-b225-6010ad89c170,2,1024,1024,1024,0
TCGA-A8-A07C-01A-01-TS1.7dee31cc-5d71-4358-b225-6010ad89c170,2,1024,1024,4096,1024
TCGA-A8-A07C-01A-01-TS1.7dee31cc-5d71-4358-b225-6010ad89c170,2,1024,1024,4096,1119
TCGA-A8-A07C-01A-01-TS1.7dee31cc-5d71-4358-b225-6010ad89c170,2,1024,1024,4841,1024
TCGA-A8-A07E-01A-01-TS1.6861c3fd-60df-457a-8d4f-28298d7d15c6,2,1024,1024,0,0
TCGA-A8-A07E-01A-01-TS1.6861c3fd-60df-457a-8d4f-28298d7d15c6,2,1024,1024,0,404
TCGA-A8-A07E-01A-01-TS1.6861c3fd-60df-457a-8d4f-28298d7d15c6,2,1024,1024,1024,404
TCGA-A8-A07E-01A-01-TS1.6861c3fd-60df-457a-8d4f-28298d7d15c6,2,1024,1024,4096,0
TCGA-A8-A07E-01A-01-TS1.6861c3fd-60df-457a-8d4f-28298d7d15c6,2,1024,1024,4096,404
TCGA-A8-A07E-01A-01-TS1.6861c3fd-60df-457a-8d4f-28298d7d15c6,2,1024,1024,4496,0
TCGA-A8-A07E-01A-01-TS1.6861c3fd-60df-457a-8d4f-28298d7d15c6,2,1024,1024,4496,404
TCGA-A8-A07F-01A-01-TS1.b4547802-0778-49f5-8465-4e3de9ffbf41,2,1024,1024,0,1024
TCGA-A8-A07F-01A-01-TS1.b4547802-0778-49f5-8465-4e3de9ffbf41,2,1024,1024,0,1050
TCGA-A8-A07G-01A-01-TS1.ed5520f2-535b-4bb4-b580-b2372714d3fb,2,1024,1024,4076,0
TCGA-A8-A07G-01A-01-TS1.ed5520f2-535b-4bb4-b580-b2372714d3fb,2,1024,1024,4076,237
TCGA-A8-A07I-01A-01-TSA.582a3393-09bb-43b2-907c-ba9c27db5b13,2,1024,1024,1024,0
TCGA-A8-A07I-01A-01-TSA.582a3393-09bb-43b2-907c-ba9c27db5b13,2,1024,1024,5120,707
TCGA-A8-A07I-01A-01-TSA.582a3393-09bb-43b2-907c-ba9c27db5b13,2,1024,1024,8192,0
TCGA-A8-A07I-01A-01-TSA.582a3393-09bb-43b2-907c-ba9c27db5b13,2,1024,1024,8192,707
TCGA-A8-A07J-01A-01-TS1.d11bd110-d6ef-46c3-b41c-c09ef5f61f3d,2,1024,1024,0,0
TCGA-A8-A07J-01A-01-TS1.d11bd110-d6ef-46c3-b41c-c09ef5f61f3d,2,1024,1024,0,1024
TCGA-A8-A07J-01A-01-TS1.d11bd110-d6ef-46c3-b41c-c09ef5f61f3d,2,1024,1024,3072,0
TCGA-A8-A07J-01A-01-TS1.d11bd110-d6ef-46c3-b41c-c09ef5f61f3d,2,1024,1024,3072,1024
TCGA-A8-A07J-01A-01-TS1.d11bd110-d6ef-46c3-b41c-c09ef5f61f3d,2,1024,1024,3072,1125
