Run_ID,Level,Patch_Size,Hidden_Layers,Learning_Rate,Weight_Decay,Dropout,Loss_Weight,Opt_Threshold,Test_Loss,Test_Accuracy,Test_F1_Score
20260731_171719,2,1024,92,0.0032872803244122385,0.00039490119782486225,0.3510700379180916,0.2723799892817204,0.30795340560978013,0.14872067278179202,0.5416666666666666,0.4666666666666667
20260801_171404,2,1024,100,0.0026624364068144678,4.3796228949197666e-05,0.3621783551881214,0.21188348771187754,0.45852607293296554,0.4068242489762445,0.7884615384615384,0.5715355805243446
20260804_135703_abmil,abmil,20260804_115931_resnet50_level2_patch1024,2,1024,113,0.000196711771456825,2.3603616883126992e-05,0.3906863945869821,0.2493020509870242,0.49898223533851627,0.11440947790004768,0.5348837209302325,0.4360655737704918
20260804_153932_minabmil,minabmil,20260804_115931_resnet50_level2_patch1024,2,1024,73,0.00028454261600331686,2.6157495850583904e-05,0.3560902040285352,0.11076110888048278,0.3451334404860762,0.14903553516238036,0.46511627906976744,0.4505555555555556
20260804_162047_transmil,transmil,20260804_115931_resnet50_level2_patch1024,2,1024,96,0.0002975008534163505,7.06171785300429e-05,0.26695903524464726,0.17656424185413286,0.47104365832870027,0.2099300547425776,0.5116279069767442,0.44396551724137934
20260804_163704_abmil,abmil,20260804_153849_uni_level2_patch1024,2,1024,128,0.00047377723860348293,7.754895301358117e-05,0.28081690477831744,0.19013184078157533,0.48922202965726214,0.059097344061186496,0.46511627906976744,0.4544953116381688
20260804_173506_transmil,transmil,20260804_153849_uni_level2_patch1024,2,1024,101,6.394910591430759e-05,1.3708314617145062e-05,0.3461999712854698,0.28066336033982475,0.4921457319910103,0.15630579450666923,0.686046511627907,0.5351351351351352
20260804_173625_transmil,transmil,20260804_153849_uni_level2_patch1024,2,1024,101,6.394910591430759e-05,1.3708314617145062e-05,0.3461999712854698,0.28066336033982475,0.4980907444902629,0.15630579450666923,0.686046511627907,0.5351351351351352
20260804_183638_minabmil,minabmil,20260804_153849_uni_level2_patch1024,2,1024,85,0.0011711426667473579,3.8313257807967605e-05,0.3567091297103904,0.23901247144126353,0.49686178438124606,0.16212892280063007,0.6627906976744186,0.5356544405138708
20260804_191836_abmil,abmil,20260804_153849_uni_level2_patch1024,2,1024,128,0.00047377723860348293,7.754895301358117e-05,0.28081690477831744,0.19013184078157533,0.489981173822022,0.059097344061186496,0.46511627906976744,0.4544953116381688
